{
  "CHANGELOG.md": "8e50490fc27a20403d574c02a378b9d6",
  "CONTRIBUTING.md": "4d17f3c942e7c93d1577cc4438a231e4",
  "Gemfile": "47f2bb73e730d42a921e7bca4449f5aa",
  "LICENSE": "3b83ef96387f14655fc854ddc3c6bd57",
  "MAINTAINERS.md": "c7098fb93e4b0bbeda9e9e2baf2b6476",
  "NOTICE": "a7e1bd471af3f5e5721d066c0788c07b",
  "README.md": "043354fc9cebce20560d16a669775027",
  "Rakefile": "df4172642435e770c27019d9d15d59bd",
  "appveyor.yml": "e1c70efd2dba460ab82bc7d69bcfdeca",
  "examples/fragment.pp": "01096a870ef7d1a1425999745f64cc2d",
  "examples/init.pp": "356477e6c25394550886bf1c1edb72a4",
  "lib/puppet/type/concat_file.rb": "b2b5ea459f81c6e9ecbce222b1f4fd99",
  "lib/puppet/type/concat_fragment.rb": "d2fa2e2d2b0f4bb998024dbc5db53019",
  "locales/config.yaml": "841206ffdcf2451b3c6f45ddf754c0fe",
  "manifests/fragment.pp": "513b3401eb861b2dc0f526c9bd8eb8de",
  "manifests/init.pp": "9518aa2f794c695d725d13ad2de966cd",
  "metadata.json": "68b6f4587d1f1062d1dce4ae46cf0b3a",
  "spec/acceptance/backup_spec.rb": "2d01dfcf2c0ff1d869ad4d0a2f30b8df",
  "spec/acceptance/concat_spec.rb": "a86e93bdce1436ffe031a2c6903ef3d5",
  "spec/acceptance/concurrency_spec.rb": "3cd3caa62493c469ed37a62972462bc3",
  "spec/acceptance/force_spec.rb": "c7ca48bbc63e4b3b7df165c20ad0a045",
  "spec/acceptance/format_spec.rb": "6ac08643182239779bcb54a7f37a2068",
  "spec/acceptance/fragment_order_spec.rb": "1508fd20927e7282e39825b9f371a6db",
  "spec/acceptance/fragment_source_spec.rb": "cd19d4bcbb5cba8919a74dc2b8aa5323",
  "spec/acceptance/fragments_are_always_replaced_spec.rb": "b00495b4473b244b57e90fd0c3700e5a",
  "spec/acceptance/native/backup_spec.rb": "c7656e1b7b4faaf4296528f4059c1a8e",
  "spec/acceptance/native/concat_spec.rb": "499b771569855fea54dfd9f2d3e5688b",
  "spec/acceptance/native/concurrency_spec.rb": "f03cf8d4fc079edbb90e407647544822",
  "spec/acceptance/native/file_order_spec.rb": "441e99fda0ea2f4af1890fc89314356c",
  "spec/acceptance/native/fragment_order_spec.rb": "2821ae295dba4d1ce2fe636e9cbe9fed",
  "spec/acceptance/native/fragment_source_spec.rb": "58c7a3a577cb1046cd709f157419c119",
  "spec/acceptance/native/fragments_are_always_replaced_spec.rb": "42f90c8712d0e7c2bcaf0ac57c6b5d28",
  "spec/acceptance/native/newline_spec.rb": "d4c20db54ee615c9e8250df24c54ec0f",
  "spec/acceptance/native/pup_1963_spec_resources.rb": "e8ee9714983e94c93cbd0b8ea680f7ea",
  "spec/acceptance/native/pup_1963_spec_subscribed_resources.rb": "21012b73cf4bfac9b3a72ace966ef603",
  "spec/acceptance/native/quoted_paths_spec.rb": "2374ce1812a481cd28233bc4072aded8",
  "spec/acceptance/native/replace_spec.rb": "3b7de79becad23a0800991fd11f9d5fb",
  "spec/acceptance/native/symbolic_name_spec.rb": "650e7fe95366724f4e4be0e0eb89d660",
  "spec/acceptance/native/validation_spec.rb": "7e1b6d30181359ed275769a0ff80ce81",
  "spec/acceptance/native/warnings_spec.rb": "5346c3754daacee0c5a61933d781dd46",
  "spec/acceptance/newline_spec.rb": "da21837e1c3321b07460983e76f06411",
  "spec/acceptance/nodesets/centos-7-x64.yml": "a713f3abd3657f0ae2878829badd23cd",
  "spec/acceptance/nodesets/debian-8-x64.yml": "d2d2977900989f30086ad251a14a1f39",
  "spec/acceptance/nodesets/debian-9-x64.yml": "adab00029a0b8d577eb6ab89503c25ca",
  "spec/acceptance/nodesets/default.yml": "a77662a1375bdf0dde4ed6bd798f2f45",
  "spec/acceptance/nodesets/docker/centos-7.yml": "8a3892807bdd62306ae4774f41ba11ae",
  "spec/acceptance/nodesets/docker/debian-8.yml": "ac8e871d1068c96de5e85a89daaec6df",
  "spec/acceptance/nodesets/docker/ubuntu-14.04.yml": "dc42ee922a96908d85b8f0f08203ce58",
  "spec/acceptance/noop_spec.rb": "d6e9bca9a7c1885675135629f5590e65",
  "spec/acceptance/order_spec.rb": "f1e5d55de053c3a1775550ee697fd676",
  "spec/acceptance/pup_1963_spec.rb": "babae93332de6732ec3343853eaf21e9",
  "spec/acceptance/quoted_paths_spec.rb": "3e1c2c356f96c869d3e9dc6c689cc0c5",
  "spec/acceptance/replace_spec.rb": "7580f68f722a300e1f8b9d210b032b2c",
  "spec/acceptance/specinfra_stubs.rb": "de450d26328e90706c9c6ade860df63c",
  "spec/acceptance/symbolic_name_spec.rb": "7f4d5482665ef7cde51ea4bd824c2b1a",
  "spec/acceptance/validation_spec.rb": "79b575c87a3459ebef4c20d090d53200",
  "spec/acceptance/warn_header_spec.rb": "79d2b093bd343ddcb4dfa20427ba2f1a",
  "spec/acceptance/warnings_spec.rb": "c78d90de76ee2ae149693bf392724d50",
  "spec/defines/concat_fragment_spec.rb": "8623a0c69b7285b48481bde5b3ec185f",
  "spec/defines/concat_spec.rb": "cfde48f9ac8db894c99eed3218cd0d06",
  "spec/spec_helper.rb": "182136c8450f0af179fa0705ce971587",
  "spec/spec_helper_acceptance.rb": "2f48ccee2cca5c92f52d5dc98f2eefc8",
  "spec/spec_helper_local.rb": "c077ecdee966a19d0875bf0c7935444c",
  "spec/unit/type/concat_file_spec.rb": "21c67b42eff898adda9f43a513f886c9",
  "spec/unit/type/concat_fragment_spec.rb": "2ad41f6937da8f16f6118d8262308fdc"
}