{
  "CHANGELOG.md": "22f2dcf411908e182961bde736d00082",
  "CODEOWNERS": "366aefdc1424442b8f864528c2e0db1d",
  "CONTRIBUTING.md": "4d17f3c942e7c93d1577cc4438a231e4",
  "Gemfile": "1f47a45aef0aea1dc5fabd4cdfe8ee2d",
  "HISTORY.md": "0e80b98698dacc680a1af56fd0566b3b",
  "LICENSE": "3b83ef96387f14655fc854ddc3c6bd57",
  "MAINTAINERS.md": "35674b233c6d12c0f56ee8afbdae29e4",
  "NOTICE": "9533d13591355591f69619be28e9cfce",
  "README.md": "558722d5a9ed20225ef6cb77a5a2544a",
  "REFERENCE.md": "9dc7c872de2ed286bb89d3051c60d391",
  "Rakefile": "b6655df909fc42bfa007f9a8d7742cf9",
  "distelli-manifest.yml": "9e7b5eac964d7c5c76406cdbf0d86460",
  "examples/backports.pp": "af57ea62ed1b73f540858e00327e6517",
  "examples/builddep.pp": "eddb8b7d7c0ef7383d85a74c1cd0de3f",
  "examples/debian_testing.pp": "2e50a41180e2afeac2de15ade05ddaa1",
  "examples/debian_unstable.pp": "82890803cc4423443db8f40353e16262",
  "examples/disable_keys.pp": "3d4e7ac49946d961ff51a719ee713293",
  "examples/fancy_progress.pp": "9a55d4ea52be4ebd670befff7ca3b87f",
  "examples/force.pp": "f71857eba704a0eb3d8d6b146e80da6d",
  "examples/hold.pp": "5e58e0a30d6407a05691d96c7647ae14",
  "examples/key.pp": "d85507365bd2753e14e04c344c2f7703",
  "examples/pin.pp": "4b4c3612d75a19dba8eb7227070fa4ab",
  "examples/ppa.pp": "b902cce8159128b5e8b21bed540743ff",
  "examples/release.pp": "2bc960babf8c4dd24b7ffa4220a601f8",
  "examples/source.pp": "c79817e129305f86a495f7558de3d3ec",
  "examples/unattended_upgrades.pp": "e7a797388ef03077f110f4f268f5ecd1",
  "lib/facter/apt_reboot_required.rb": "e7dbcd3849c380cdd08dbc866079c211",
  "lib/facter/apt_update_last_success.rb": "f259aac4abdf82c1c6f13e0031bf551a",
  "lib/facter/apt_updates.rb": "1b42fc11d0ae3a9b2e6ec95e2c5f8eb3",
  "lib/puppet/provider/apt_key/apt_key.rb": "6c17e5cd13984ab4de0326519bc220c2",
  "lib/puppet/type/apt_key.rb": "ffdf636af1b7894d18214b500de8296c",
  "locales/config.yaml": "bda37c45d7414bd4e2a6e1c01044e2e6",
  "locales/ja/puppetlabs-apt.po": "2ba4d5f45b3cccb958b78322f03e4de4",
  "locales/puppetlabs-apt.pot": "ce6a37eaa3865b2d36b4d4cb549a326f",
  "manifests/backports.pp": "45146e58ce9f606971e51c6c00aaf987",
  "manifests/conf.pp": "b1ce82c9f2e16f6580a49cf1d81aa5c6",
  "manifests/init.pp": "bbaea91ce67406d99fc8e8c98c7a9f78",
  "manifests/key.pp": "610638361eeea652843c78c0dc651a39",
  "manifests/mark.pp": "8ed4d67ce28b574a859d8095a3b912c5",
  "manifests/params.pp": "e1e8545237759fd4a497152badb79716",
  "manifests/pin.pp": "23fc805f31b56eb52466487f7ceb065a",
  "manifests/ppa.pp": "c8fc085a4858b7dffb6fd36f320db455",
  "manifests/setting.pp": "82f42f80ff8b40b9fb38e7f06e00a3b2",
  "manifests/source.pp": "5ac6ec73b5e94cb968f905bc978fab77",
  "manifests/update.pp": "93ef29d0da40610a36205821229d3304",
  "metadata.json": "233d5922dbe1a6e50bfcd67b5dc6062b",
  "provision.yaml": "5cd7cb5e8e61b1ad4d0326ad65b649da",
  "readmes/README_ja_JP.md": "6953301a20c101027391201f6875f7f8",
  "spec/acceptance/01_apt_class_spec.rb": "b63ac7a092085ee607aa74c55963004f",
  "spec/acceptance/apt_key_provider_spec.rb": "47be8422cc75e8924643cb64b1fdb490",
  "spec/acceptance/apt_spec.rb": "b3acc59678c74598cf5c3b8ed6b28207",
  "spec/acceptance/init_task_spec.rb": "ec88d2a941b84d15ed19b4e48c665811",
  "spec/classes/apt_backports_spec.rb": "51bd240ebdbe9b0fe59882ea7cd5866b",
  "spec/classes/apt_spec.rb": "d43b184ff6f3dc668f784a33fa42d519",
  "spec/classes/apt_update_spec.rb": "9accfecbcd33c9fff42e006876b5d661",
  "spec/default_facts.yml": "973bd7e9b429cde3c8d45d57c2fa21ed",
  "spec/defines/conf_spec.rb": "2d2403ba6d1f5bd3dce00c1b264d75c7",
  "spec/defines/key_compat_spec.rb": "e0a8670be1b7ce5b17a9005310e70867",
  "spec/defines/key_spec.rb": "9f2c8026b196c7526adc950002f40f85",
  "spec/defines/mark_spec.rb": "55a6aee80d397cff5e51e0efc931f46f",
  "spec/defines/pin_spec.rb": "5a39e44b859e73c9db7322857294a3d7",
  "spec/defines/ppa_spec.rb": "bb3ba4544e60a860de87d01e78c3e122",
  "spec/defines/setting_spec.rb": "9ea5448a6a2d5e1727e3b074dd5ad6e9",
  "spec/defines/source_compat_spec.rb": "ae3c232e495f1491e88c0502077bccdc",
  "spec/defines/source_spec.rb": "7419c428d9074a6557c450b6d0138f38",
  "spec/spec_helper.rb": "8e26c049074cbd15499bbb32641b3906",
  "spec/spec_helper_acceptance.rb": "b50e688d08bdc5eec626bdd443ac7f2a",
  "spec/spec_helper_acceptance_local.rb": "1c3c80a4acd2e0898ad9a0ae5ce0fb87",
  "spec/spec_helper_local.rb": "be320849409fd3a6ae2a21c04701d88a",
  "spec/unit/facter/apt_dist_has_updates_spec.rb": "bbe304e2dd2101f06b67aae85c8c485c",
  "spec/unit/facter/apt_dist_package_security_updates_spec.rb": "0df2670afdef71f9360710ec3b388879",
  "spec/unit/facter/apt_dist_package_updates_spec.rb": "793dcb55851a0859dc42ebebdeededdd",
  "spec/unit/facter/apt_dist_security_updates_spec.rb": "b72c99af59df809dfa9cb490b187698b",
  "spec/unit/facter/apt_dist_updates_spec.rb": "2a17b05ecfbe66d6f8c0d07bc65f4fb0",
  "spec/unit/facter/apt_has_updates_spec.rb": "160a8c60a35d8734fae40c6c0b85afd9",
  "spec/unit/facter/apt_package_security_updates_spec.rb": "c2b563a1442405ed1883c760251333cb",
  "spec/unit/facter/apt_package_updates_spec.rb": "f463b78013e2f7a014632bc81e2206eb",
  "spec/unit/facter/apt_reboot_required_spec.rb": "eadf186326536d653110e03583d8ce97",
  "spec/unit/facter/apt_security_updates_spec.rb": "313dd0036873409db3a0ea3beb7d7f89",
  "spec/unit/facter/apt_update_last_success_spec.rb": "0a4c30e0613d6879215d1adb562ae1fb",
  "spec/unit/facter/apt_updates_spec.rb": "fe0f5471bcf46dfc69e6812ea43b2c0a",
  "spec/unit/puppet/provider/apt_key_spec.rb": "5b146c299adae80a761ec885dfbaa950",
  "spec/unit/puppet/type/apt_key_spec.rb": "a8b30e9d7d6f2daa75cc6279c69c2c09",
  "tasks/init.json": "aa3d7549d751f6621581dc1fbfde956d",
  "tasks/init.rb": "115b8b2e5b918d84bc7bb7c76833abfb",
  "templates/15update-stamp.epp": "b9de0ac9e2c9854b1bb213e362dc4e41",
  "templates/_conf_header.epp": "6f3077f2eabd3e929a44d55bc1c5446e",
  "templates/_header.epp": "9300ac105fe777787ac9e793b8df8d25",
  "templates/auth_conf.epp": "5ecb28d31ee897d51b1b29cfe59c8b54",
  "templates/pin.pref.epp": "58d462f3ec74c3755a2bd804d7b22207",
  "templates/proxy.epp": "7353f09fa5fdb1819517446ec58c9ad5",
  "templates/source.list.epp": "c32995778d056f204d51a6d79505a5aa",
  "types/auth_conf_entry.pp": "3c2303f6c189fbc5ba7b4015e477467f",
  "types/proxy.pp": "4bb8b0ad03264cdedb673d1580282b37"
}