{
  "name": "puppetlabs-apt",
  "version": "7.4.0",
  "author": "puppetlabs",
  "summary": "Provides an interface for managing Apt source, key, and definitions with Puppet",
  "license": "Apache-2.0",
  "source": "https://github.com/puppetlabs/puppetlabs-apt",
  "project_page": "https://github.com/puppetlabs/puppetlabs-apt",
  "issues_url": "https://tickets.puppetlabs.com/browse/MODULES",
  "dependencies": [
    {
      "name": "puppetlabs/stdlib",
      "version_requirement": ">= 4.16.0 < 7.0.0"
    },
    {
      "name": "puppetlabs/translate",
      "version_requirement": ">= 1.0.0 < 3.0.0"
    }
  ],
  "data_provider": null,
  "operatingsystem_support": [
    {
      "operatingsystem": "Debian",
      "operatingsystemrelease": [
        "8",
        "9",
        "10"
      ]
    },
    {
      "operatingsystem": "Ubuntu",
      "operatingsystemrelease": [
        "14.04",
        "16.04",
        "18.04"
      ]
    }
  ],
  "requirements": [
    {
      "name": "puppet",
      "version_requirement": ">= 5.5.10 < 7.0.0"
    }
  ],
  "template-url": "https://github.com/puppetlabs/pdk-templates#master",
  "template-ref": "heads/master-0-g88c96ab",
  "pdk-version": "1.16.0"
}
