{
  "CHANGELOG.md": "d5da65931d19f0aabf13a428dc56bc0c",
  "CONTRIBUTING.md": "77d0440d7cd4206497f99065c60bed46",
  "Gemfile": "bedf635025b279d7c7732adcc8ae9a29",
  "LICENSE": "3b83ef96387f14655fc854ddc3c6bd57",
  "MAINTAINERS.md": "6508b1d302b38186425992a66186c060",
  "NOTICE": "b7760cf49f58b80b31df83244cc0fbd0",
  "README.md": "b9a192cdc9ddecd060bc011a76df4b81",
  "Rakefile": "a49b6653243c678ed33c8870db467d89",
  "examples/apache.pp": "41e97262421ea5734fac16a338701a78",
  "examples/dev.pp": "8da0d50d9d06834dd06329b8945f06d5",
  "examples/init.pp": "d27415f33028c26d4031d30305eec5e0",
  "examples/mod_load_params.pp": "e8d1c1b1b96d560c8288c51a76bffc87",
  "examples/mods.pp": "78a25c9e226265353eabefd3ddfd4218",
  "examples/mods_custom.pp": "bc9e6959c282984cf9cdd93869c89499",
  "examples/php.pp": "afa0871b94040e3ae91fce9c375fb725",
  "examples/vhost.pp": "27d808964b43d157de5ce8f47b441b46",
  "examples/vhost_directories.pp": "95aa446a2fccf9f3561581a5d71c61a7",
  "examples/vhost_filter.pp": "62c5af7868af9887b7d71769c319c1e5",
  "examples/vhost_ip_based.pp": "7a4d4c1c00147c45e4534f58d2fbf4ed",
  "examples/vhost_proxypass.pp": "2f0bd33b34a48554adcdf20d6d31a4c2",
  "examples/vhost_ssl.pp": "ddd3c45964df56837d6c051a7d692378",
  "examples/vhosts_without_listen.pp": "226afb3e87129a56fc9add21b120feb2",
  "files/httpd": "295f5e924afe6f752d29327e73fe6d0a",
  "lib/facter/apache_version.rb": "babb22b1d567021995b4b5fa9328047b",
  "lib/puppet/parser/functions/bool2httpd.rb": "05d5deeb6e0c31acee7c55b249ec8e06",
  "lib/puppet/parser/functions/validate_apache_log_level.rb": "d75bc4ef17ff5c9a1f94dd3948e733d1",
  "lib/puppet/provider/a2mod/a2mod.rb": "d986d8e8373f3f31c97359381c180628",
  "lib/puppet/provider/a2mod/gentoo.rb": "2492d446adbb68f678e86a75eb7ff3bd",
  "lib/puppet/provider/a2mod/modfix.rb": "b689a1c83c9ccd8590399c67f3e588e5",
  "lib/puppet/provider/a2mod/redhat.rb": "c39b80e75e7d0666def31c2a6cdedb0b",
  "lib/puppet/provider/a2mod.rb": "03ed73d680787dd126ea37a03be0b236",
  "lib/puppet/type/a2mod.rb": "9042ccc045bfeecca28bebb834114f05",
  "locales/config.yaml": "ca04e502d031649d4aaa40d1803ade8b",
  "locales/puppetlabs-apache.pot": "4bd09a821333cf6c272a64e944ef4e01",
  "manifests/balancer.pp": "b444ff1415ba0bd6c8ec1497bcc9cfb3",
  "manifests/balancermember.pp": "d74ab23d74fa198853b13ad837df925c",
  "manifests/confd/no_accf.pp": "406d0ca41c3b90f83740ca218dc3f484",
  "manifests/custom_config.pp": "357badc11586c8bb726f2a36364c0932",
  "manifests/default_confd_files.pp": "86fdbe5773abb7c2da26db096973865c",
  "manifests/default_mods/load.pp": "bc0b3b65edd1ba6178c09672352f9bce",
  "manifests/default_mods.pp": "e4a7aa787443fce2e76c37e8fec99012",
  "manifests/dev.pp": "8a7ead42f991e5dfdd364ba1aa1304e0",
  "manifests/fastcgi/server.pp": "f177293f02a2878b43a863e8ab3015db",
  "manifests/init.pp": "5d0b9eccf800e4c0b293bed68571c4ec",
  "manifests/listen.pp": "6e44a9f49376cefb5694d52be5bc5a88",
  "manifests/mod/actions.pp": "ec2a5d1cf54790204750f9b67938d230",
  "manifests/mod/alias.pp": "1ef0d98a941bd796d428297b74acc8c4",
  "manifests/mod/auth_basic.pp": "dffef6ff10145393cb78fcaa27220c53",
  "manifests/mod/auth_cas.pp": "f2e61e67393a998a19f8b34506e07e0d",
  "manifests/mod/auth_kerb.pp": "8759cab3dc12d6ba4cc12fcdbb699418",
  "manifests/mod/auth_mellon.pp": "5bfbc604dd79923bdb65ecab02353059",
  "manifests/mod/authn_core.pp": "4db773ddbc0d875230085782d4521951",
  "manifests/mod/authn_dbd.pp": "8f03863a483184ca53b9bc3a45b2297f",
  "manifests/mod/authn_file.pp": "eeb11513490beee901574746faaeabdf",
  "manifests/mod/authnz_ldap.pp": "5fb4b52f54daf03358e08cde676ea4fc",
  "manifests/mod/authnz_pam.pp": "9f99d93e289a2db42c74046c8ae1889f",
  "manifests/mod/authz_default.pp": "b7c94cfa4e008155fffd241d35834064",
  "manifests/mod/authz_user.pp": "d446c90c44304594206bd2a0112be625",
  "manifests/mod/autoindex.pp": "3b50dc082dba420c3d564309601fd419",
  "manifests/mod/cache.pp": "b56d68b9401ba3e02a1f2fe55cdfbcca",
  "manifests/mod/cgi.pp": "731ed7bce75628afeb78afd3fa2fd793",
  "manifests/mod/cgid.pp": "fb9ae9b5012d41e22cb85c0b50e17361",
  "manifests/mod/cluster.pp": "8b67026e9a6a4bdc6a2481613896ded1",
  "manifests/mod/dav.pp": "9df80d36dd609be9032a8260aa9d10c1",
  "manifests/mod/dav_fs.pp": "9ad2359d64b0b6f219bd8a338917d114",
  "manifests/mod/dav_svn.pp": "abc1ba954033b0b0187c079f310eb0e2",
  "manifests/mod/dbd.pp": "4471dbd9fd67d0db885d4ba2a47a194a",
  "manifests/mod/deflate.pp": "20231a22aba12eb905f1d7f1853e383e",
  "manifests/mod/dev.pp": "42673bab60b6fc0f3aa6e2357ec0a27c",
  "manifests/mod/dir.pp": "75039bc8c77b9b82fa12fc5aa1061291",
  "manifests/mod/disk_cache.pp": "da18cbefced9bb32fc009e999c5b76e2",
  "manifests/mod/dumpio.pp": "5492a7249450a7fdf335ecb0c3b948f4",
  "manifests/mod/env.pp": "2a0321180a59161565b2b5f1b79d6b15",
  "manifests/mod/event.pp": "a82a7ab979cc351eb660576bdc91d0e8",
  "manifests/mod/expires.pp": "6f12edcf6863958af832db73b56e5f08",
  "manifests/mod/ext_filter.pp": "287966c2c0fd450c72a1c9ef88a0e155",
  "manifests/mod/fastcgi.pp": "96a3fcf0508a7eb8c9601eac329622eb",
  "manifests/mod/fcgid.pp": "96e0a5f09c2d1ba21b2209a6e21b6847",
  "manifests/mod/filter.pp": "b0039f3ae932b1204994ef2180dd76d2",
  "manifests/mod/geoip.pp": "41762c637ab45dac05e564d1b3d03c3e",
  "manifests/mod/headers.pp": "ef3de538a0a4c9406236faf43eb89710",
  "manifests/mod/include.pp": "a3b66eda88e38d90825c16b834bacd8d",
  "manifests/mod/info.pp": "c3e815ed9912bb9147805f7274508489",
  "manifests/mod/intercept_form_submit.pp": "b3e55433272082bac1e7a5334df3b01f",
  "manifests/mod/itk.pp": "f631157ebdff68b6fc2bb6dbd5b8e8c4",
  "manifests/mod/ldap.pp": "319e62a24e30221e691b9cf85a6288e1",
  "manifests/mod/lookup_identity.pp": "a3fd01d395ea09ec1488494fd077dd7b",
  "manifests/mod/mime.pp": "24fe99c65367a3f606441605a2ff26dd",
  "manifests/mod/mime_magic.pp": "d31702cee9007c2e65c8d3ccbed1fda3",
  "manifests/mod/negotiation.pp": "35fb1e9fa643054271804e215bb47299",
  "manifests/mod/nss.pp": "3cc69b59bba579181b0ceb1dfd2976d0",
  "manifests/mod/pagespeed.pp": "1fcf4c30084bd1e4fa3006b4d3265c1a",
  "manifests/mod/passenger.pp": "f1a4609f61e30fc839ad7f4b668a750b",
  "manifests/mod/perl.pp": "b8180ca0e1e7f8d60030321f52c28d6d",
  "manifests/mod/peruser.pp": "13761222709094653bca7bad4435fcdb",
  "manifests/mod/php.pp": "b6d383242b3c52a2543f8f477ff308a0",
  "manifests/mod/prefork.pp": "3deff89f43a1f55dda643ac66e3fc4dc",
  "manifests/mod/proxy.pp": "a65065f0c7705b7b75b1dd6fc2222e27",
  "manifests/mod/proxy_ajp.pp": "073e2406aea7822750d4c21f02d8ac80",
  "manifests/mod/proxy_balancer.pp": "c717e51517043084854b26c89d7b99d9",
  "manifests/mod/proxy_connect.pp": "7cd9b4b61ec6feb020f753ee74910a48",
  "manifests/mod/proxy_fcgi.pp": "8c7fd559419b159e27218a17463d850d",
  "manifests/mod/proxy_html.pp": "aa012e927e20d3f7734fdc026491fd20",
  "manifests/mod/proxy_http.pp": "0db1b26f8b4036b0d46ba86b7eaac561",
  "manifests/mod/proxy_wstunnel.pp": "88ee88d6d56a70f0000e690f80f64acb",
  "manifests/mod/python.pp": "6f65b22271cf356832fe7a1949163861",
  "manifests/mod/remoteip.pp": "9ad1d5712477f11ae2643f209bb08ce3",
  "manifests/mod/reqtimeout.pp": "17b245b5d14f3f7b8c1d5fa07e5c159e",
  "manifests/mod/rewrite.pp": "292f2d6ce2078fa9df7f686105ea7b95",
  "manifests/mod/rpaf.pp": "54991f51a06e2b4171956e6ce1caf3a3",
  "manifests/mod/security.pp": "b5ed320cbcce30b79557dd38941d339b",
  "manifests/mod/setenvif.pp": "fa3b3e5f3a7e029f9db5b66ae499c6c8",
  "manifests/mod/shib.pp": "8b75f8818fe9dc5728a478fc27962447",
  "manifests/mod/socache_shmcb.pp": "c94ae23ab8cce744acad2f7e33dbfa9c",
  "manifests/mod/speling.pp": "b6971e10caf22837e410b94910b66b1a",
  "manifests/mod/ssl.pp": "ed4255fa17a174ce02fd8eef399c0ae1",
  "manifests/mod/status.pp": "75d19ef4dde3529359d080c6607926f0",
  "manifests/mod/suexec.pp": "2a8671856a0ece597e9b57867dc35e76",
  "manifests/mod/suphp.pp": "5a7390ef0a0ceaa2d7e684bcb6300587",
  "manifests/mod/userdir.pp": "8cce2ae6536eab6b809c63cb6ed59c55",
  "manifests/mod/version.pp": "6cb31057ebffa796f95642cc95f9499d",
  "manifests/mod/vhost_alias.pp": "ee1225a748daaf50aca39a6d93fb8470",
  "manifests/mod/worker.pp": "41137580c48b89f2795c1295d87962c0",
  "manifests/mod/wsgi.pp": "adcaac9e490512a58d0e6070904c85d2",
  "manifests/mod/xsendfile.pp": "fba06f05a19c466654aca5ecaa705bf0",
  "manifests/mod.pp": "405f340daea9c50913904818ca4041d7",
  "manifests/mpm.pp": "d4bfe77df34110cb253557104b2e6310",
  "manifests/namevirtualhost.pp": "5ad54a441ff26a55cc536069d8fad238",
  "manifests/package.pp": "ebd1e1e815ef744ebd4e9d8a6c94a07a",
  "manifests/params.pp": "605e33b78b4eb131ac9e9bad335ce88f",
  "manifests/peruser/multiplexer.pp": "0ea75341b7a93e55bcfb431a93b1a6c9",
  "manifests/peruser/processor.pp": "62f0ad5ed2ec36dadc7f40ad2a9e1bb9",
  "manifests/php.pp": "9c9d07e12bf5d112b0b54f5bd69046fc",
  "manifests/proxy.pp": "7c8515b88406922e148322ee15044b29",
  "manifests/python.pp": "ddef4cd73850fdc2dc126d4579c30adf",
  "manifests/security/rule_link.pp": "9c879ecfd7534347ccc8cf3ea77fa859",
  "manifests/service.pp": "9984fd2cfd49cea0b8db61f7cc3c1c4b",
  "manifests/ssl.pp": "173f3d6a7fd2b5f4100c4ff03d84e13b",
  "manifests/version.pp": "3388b1978b04cba63ed7fc8e2ec3f692",
  "manifests/vhost/custom.pp": "421081f6c4f33e1aca07ff789e53345e",
  "manifests/vhost.pp": "707b86ad96804fed2413ef6366ac43b4",
  "manifests/vhosts.pp": "d5cd9e6b701b7b2948c011546bc55497",
  "metadata.json": "f9025597336b7ffb8631e1c5949985ae",
  "spec/acceptance/apache_parameters_spec.rb": "d8d8f53c76a65558f189a33ef063976a",
  "spec/acceptance/apache_ssl_spec.rb": "9cddf1b1b3a4ed2fe971fabe8785e9ed",
  "spec/acceptance/class_spec.rb": "9d77ee23b734dd48ecea4353dee3d616",
  "spec/acceptance/custom_config_spec.rb": "61e03d814d0671d194dd40e6b1ad5c9b",
  "spec/acceptance/default_mods_spec.rb": "2481bfa99dd34e15f2b4c7eed194635f",
  "spec/acceptance/itk_spec.rb": "812c855013c08ebb13e642dc5199b41a",
  "spec/acceptance/mod_dav_svn_spec.rb": "e792a6d585026dd7bded38e62c8786f6",
  "spec/acceptance/mod_deflate_spec.rb": "dd39bfb069e0233bf134caaeb1dc6fe6",
  "spec/acceptance/mod_fcgid_spec.rb": "ef0e3368ea14247c05ff43217b5856ee",
  "spec/acceptance/mod_mime_spec.rb": "0869792d98c1b2577f02d97c92f1765e",
  "spec/acceptance/mod_negotiation_spec.rb": "017f6b0cc1496c25aa9b8a33ef8dbbb3",
  "spec/acceptance/mod_pagespeed_spec.rb": "23256a41b700fc92a96edf34a16be499",
  "spec/acceptance/mod_passenger_spec.rb": "a66264ef73ad6c5396a06ab9b5444c7c",
  "spec/acceptance/mod_php_spec.rb": "98bc1ff97a36de86d5a1b800b2afd7a6",
  "spec/acceptance/mod_proxy_html_spec.rb": "34478fc2f12a23cd5a95d424f85da150",
  "spec/acceptance/mod_security_spec.rb": "c783d44cf3ccba2fa6a3c14de0e486a0",
  "spec/acceptance/mod_suphp_spec.rb": "f5c1f21e4c5323b81afc354c82e7ceb9",
  "spec/acceptance/nodesets/centos-7-x64.yml": "a713f3abd3657f0ae2878829badd23cd",
  "spec/acceptance/nodesets/debian-8-x64.yml": "d2d2977900989f30086ad251a14a1f39",
  "spec/acceptance/nodesets/default.yml": "b42da5a1ea0c964567ba7495574b8808",
  "spec/acceptance/nodesets/docker/centos-7.yml": "8a3892807bdd62306ae4774f41ba11ae",
  "spec/acceptance/nodesets/docker/debian-8.yml": "ac8e871d1068c96de5e85a89daaec6df",
  "spec/acceptance/nodesets/docker/ubuntu-14.04.yml": "dc42ee922a96908d85b8f0f08203ce58",
  "spec/acceptance/nodesets/suse.yml": "eff62186e4de2ffed45a72a375380338",
  "spec/acceptance/prefork_worker_spec.rb": "1570eefe61d667a1b43824adc0b2bb78",
  "spec/acceptance/service_spec.rb": "341f157cb33fa48d5166d2274ad3bc65",
  "spec/acceptance/version.rb": "6a1f2db3e369f3dc2b5bd76f4921891a",
  "spec/acceptance/vhost_spec.rb": "ac0e99a6dfbe8faa2837bf2356fdda7d",
  "spec/acceptance/vhosts_spec.rb": "c9635037681d569a053da6eb7ae5f4f4",
  "spec/classes/apache_spec.rb": "c75f9bf2fedf99c4d478536d3786223c",
  "spec/classes/dev_spec.rb": "6bc9ff7cffb77aac52c5bd3acc157d2d",
  "spec/classes/mod/alias_spec.rb": "e62706d9925b0dc1821db78d01986a7e",
  "spec/classes/mod/auth_cas_spec.rb": "46a7ba3fe31d3fc6175b8dce5105326e",
  "spec/classes/mod/auth_kerb_spec.rb": "d281ff13b8989d759bd7fcdb599a882a",
  "spec/classes/mod/auth_mellon_spec.rb": "81d3ea4b7567718ca810b625fd36d231",
  "spec/classes/mod/authn_dbd_spec.rb": "8c794faaa5244e16f432c76679cb12d7",
  "spec/classes/mod/authnz_ldap_spec.rb": "bef6980f85489c5fd7388511cb65b644",
  "spec/classes/mod/authnz_pam_spec.rb": "71759e9ab2dd8aeefeb4d79e3349e67e",
  "spec/classes/mod/cluster_spec.rb": "c1d01cc4a4f9ce10d692294019791e2f",
  "spec/classes/mod/dav_svn_spec.rb": "6b3c4123a067e249f6c78c5b0cbcbcc7",
  "spec/classes/mod/deflate_spec.rb": "adf6e41357fefe4ff1128e8fea4d3057",
  "spec/classes/mod/dev_spec.rb": "1a30ef5fb18073fd2bf6f7923ff9c57f",
  "spec/classes/mod/dir_spec.rb": "9e25507c094cb3b2fe6eb1106668b484",
  "spec/classes/mod/disk_cache_spec.rb": "e821fa50ace7ab3398c43b16034748e9",
  "spec/classes/mod/dumpio_spec.rb": "689d167b05e669c29709fc36940e7b05",
  "spec/classes/mod/event_spec.rb": "46a304c796ac3928be0a67bec1f46b4f",
  "spec/classes/mod/expires_spec.rb": "0d27e3438627f2ad34abacf582fb8b0b",
  "spec/classes/mod/ext_filter_spec.rb": "7af18fdf1376f17e68dc99e5627ba067",
  "spec/classes/mod/fastcgi_spec.rb": "59f7ea857b0fa614e8808270c529300f",
  "spec/classes/mod/fcgid_spec.rb": "bda06cc347a8da8d7c7374add2654248",
  "spec/classes/mod/info_spec.rb": "d51c6a9e6ae4d944488a43c8c15b95c0",
  "spec/classes/mod/intercept_form_submit_spec.rb": "2e7087360a57f6ccf88b80239ca5056e",
  "spec/classes/mod/itk_spec.rb": "622f23a1346383846cbc98e38388034d",
  "spec/classes/mod/ldap_spec.rb": "12863d495558fbe9f6cb7a50ab37688c",
  "spec/classes/mod/lookup_identity.rb": "97997c0a2e7a1b717426b5845df604ee",
  "spec/classes/mod/mime_magic_spec.rb": "259304a80e92e4ba15e7cd719fe25c17",
  "spec/classes/mod/mime_spec.rb": "d946fb96659b67bf7117ad7ed4b25cce",
  "spec/classes/mod/negotiation_spec.rb": "44d50f7e6ef8c6388baa4c7cfc07be43",
  "spec/classes/mod/pagespeed_spec.rb": "56bd7d82920cb734ea8139c9fed97de7",
  "spec/classes/mod/passenger_spec.rb": "e8daaeafddd8b8ac33800c04a93b5c03",
  "spec/classes/mod/perl_spec.rb": "1daa227f563ac19ff8dcdea0d0005ec4",
  "spec/classes/mod/peruser_spec.rb": "c379ce85a997789856b12c27957bf994",
  "spec/classes/mod/php_spec.rb": "2cc1a1d5d097be26eef3139b4e8eafaf",
  "spec/classes/mod/prefork_spec.rb": "d82f0f25691ba019b912cd000dbb845f",
  "spec/classes/mod/proxy_balancer_spec.rb": "c0bd0c3ebf39d7c66120b3837551f6b1",
  "spec/classes/mod/proxy_connect_spec.rb": "baef920356c839b698c2adb865e79b5f",
  "spec/classes/mod/proxy_html_spec.rb": "c6fc0e6b0cbcd3d5f9e65d533366ee32",
  "spec/classes/mod/proxy_wstunnel.rb": "69bcef5e88aeb115290d8428186c80ec",
  "spec/classes/mod/python_spec.rb": "5ca2dd0829b7baa1022c551b66548b20",
  "spec/classes/mod/remoteip_spec.rb": "f9bf0bc64fef6d570f7b798ceef0d598",
  "spec/classes/mod/reqtimeout_spec.rb": "2af2919e8253100fbc2e001d30a5cd15",
  "spec/classes/mod/rpaf_spec.rb": "5c4725a4bcab9339d7309765390aaed1",
  "spec/classes/mod/security_spec.rb": "f2e41f16ff5e8aa8f4709cab68a7cf5e",
  "spec/classes/mod/shib_spec.rb": "b4ec345e387f8d7186048f5d286bb71d",
  "spec/classes/mod/speling_spec.rb": "96919b9fbd1e894fcfd649044c3dafb5",
  "spec/classes/mod/ssl_spec.rb": "9c9fe05b815405d4e7fbb095e01d7d2a",
  "spec/classes/mod/status_spec.rb": "1eeaf906baf6ca82bf24c4e23494c71c",
  "spec/classes/mod/suphp_spec.rb": "cc7c02c42e985aa133f9d868e14d9435",
  "spec/classes/mod/userdir_spec.rb": "648ab42ba4113b31712ecf8d9ec485e0",
  "spec/classes/mod/worker_spec.rb": "c326e36fbcfe9f0c59dc1db389a33926",
  "spec/classes/mod/wsgi_spec.rb": "902251d74d6d3c821f460b620158295b",
  "spec/classes/params_spec.rb": "adbd9f0dee677ea9439b9ce0d620894f",
  "spec/classes/service_spec.rb": "0709833b94c1a3fbd13b73042fa84967",
  "spec/classes/vhosts_spec.rb": "9baf23eb534e944a1bd593e72dd3050e",
  "spec/defines/balancer_spec.rb": "8793815eb22b5190977b154fcd97e85e",
  "spec/defines/balancermember_spec.rb": "e93ded8b51cc1d73e52f453880b3576e",
  "spec/defines/custom_config_spec.rb": "cd4ee6803b79a844442107ac385cc833",
  "spec/defines/fastcgi_server_spec.rb": "8e167c1525cb9a7473efdde01efe0ca3",
  "spec/defines/mod_spec.rb": "a10e5b2570419737c03cd0f6347cc985",
  "spec/defines/modsec_link_spec.rb": "3421b21f8234637dd1c32ebcf89e44c3",
  "spec/defines/vhost_custom_spec.rb": "d5596a7a0c239d4c0ed8bebbb6a124ab",
  "spec/defines/vhost_spec.rb": "b338a9fe8d5bd1f2002025905c2c4a74",
  "spec/fixtures/files/negotiation.conf": "9c11872e26327ec880749b5dfdea25d6",
  "spec/fixtures/files/spec": "e964ecac35c35baa9b4c57dac4ff5b3e",
  "spec/fixtures/site_apache/templates/fake.conf.erb": "6b0431dd0b9a0bf803eb0684300c2cff",
  "spec/fixtures/templates/negotiation.conf.erb": "c838e612ce6f82a5efd12871ad562011",
  "spec/spec_helper.rb": "b2db3bc02b4ac2fd5142a6621c641b07",
  "spec/spec_helper_acceptance.rb": "97b5d5677a368ac97cdc3ae2ab5e204f",
  "spec/spec_helper_local.rb": "1b6ccd9b2f6946b81560239881774e94",
  "spec/unit/apache_version_spec.rb": "c9d7b8ab46fb21d370702f02088281a2",
  "spec/unit/provider/a2mod/gentoo_spec.rb": "02f7510cbf4945c5e1094ebcb967c8e0",
  "spec/unit/puppet/parser/functions/bool2httpd_spec.rb": "0c9bca53eb43b5fc888126514b2a174c",
  "spec/unit/puppet/parser/functions/validate_apache_log_level.rb": "8f558fd81d1655e9ab20896152eca512",
  "templates/confd/no-accf.conf.erb": "a614f28c4b54370e4fa88403dfe93eb0",
  "templates/fastcgi/server.erb": "30cdd04393bdb4f68678d00e2930721b",
  "templates/httpd.conf.erb": "3667dc46bedcfd2b79f82570b1063623",
  "templates/listen.erb": "6286aa08f9e28caee54b1e1ee031b9d6",
  "templates/mod/alias.conf.erb": "370e9d394dd462d3ebc0dd345ab68f6f",
  "templates/mod/auth_cas.conf.erb": "35e1291a5fa05067d7623c02bafb0ada",
  "templates/mod/auth_mellon.conf.erb": "4e17d22a8f1bc312e976e8513199c945",
  "templates/mod/authn_dbd.conf.erb": "7a84f5d3b3a4b92a88fe052b13376f8e",
  "templates/mod/authnz_ldap.conf.erb": "2262e6d90ae81f2b732bbf0163006c59",
  "templates/mod/autoindex.conf.erb": "2421a3c6df32c7e38c2a7a22afdf5728",
  "templates/mod/cgid.conf.erb": "f8ce27d60bc495bab16de2696ebb2fd0",
  "templates/mod/cluster.conf.erb": "9e92178f1d45193868e41e7fe1a06976",
  "templates/mod/dav_fs.conf.erb": "10c1131168e35319e22b3fbfe51aebfd",
  "templates/mod/deflate.conf.erb": "e866ecf2bfe8e42ea984267f569723db",
  "templates/mod/dir.conf.erb": "2485da78a2506c14bf51dde38dd03360",
  "templates/mod/disk_cache.conf.erb": "48d1b54ec1dedea7f68451bc0774790e",
  "templates/mod/dumpio.conf.erb": "260a03d5f5b450095a5374690fbb34b2",
  "templates/mod/event.conf.erb": "5e4095242d8e5dd99fe0823cfa2f1434",
  "templates/mod/expires.conf.erb": "7a77f8b1d50c53ee77a6cb798c51a2b9",
  "templates/mod/ext_filter.conf.erb": "4e4e4143ab402a9f9d51301b1a192202",
  "templates/mod/fastcgi.conf.erb": "2404caa7d91dea083fc4f8b6f18acd24",
  "templates/mod/fcgid.conf.erb": "1780c7808bb3811deaf0007c890df4dc",
  "templates/mod/geoip.conf.erb": "93b95f44ec733ee8231be82381e02782",
  "templates/mod/info.conf.erb": "c8580f35594e8f76da9c961def618739",
  "templates/mod/itk.conf.erb": "eff84b78e4f2f8c5c3a2e9fc4b8aad16",
  "templates/mod/ldap.conf.erb": "03ef6f461e4778342e6b94b8b4f3cd3a",
  "templates/mod/load.erb": "01132434e6101080c41548b0ba7e57d8",
  "templates/mod/mime.conf.erb": "2fa5a10d06ff979de1d5d2544586ab45",
  "templates/mod/mime_magic.conf.erb": "067c3180b4216439b039822114144e78",
  "templates/mod/mpm_event.conf.erb": "80097a19d063a4f973465d9ef5c0c0bf",
  "templates/mod/negotiation.conf.erb": "a2f0fb40cd038cb17bedc2b84d9f48ea",
  "templates/mod/nss.conf.erb": "03a7a3721b19706e00df00e457c5df69",
  "templates/mod/pagespeed.conf.erb": "d1d8dfb00e528aab10a24518c7f148a6",
  "templates/mod/passenger.conf.erb": "81512838f2fb7f01bf7fd674f023d086",
  "templates/mod/peruser.conf.erb": "c4f4054aee899249ea6fef5a9e5c14ff",
  "templates/mod/php.conf.erb": "c535da6adea16bdcb0586260eedf8c93",
  "templates/mod/prefork.conf.erb": "f9ec5a7eaea78a19b04fa69f8acd8a84",
  "templates/mod/proxy.conf.erb": "33a6a57edd324ba56e879a7b077ecf08",
  "templates/mod/proxy_balancer.conf.erb": "a9f8d51a2a7169e5fd0c8415a3f9c662",
  "templates/mod/proxy_html.conf.erb": "1236e21e77bcc077dd71dbef98c911c7",
  "templates/mod/remoteip.conf.erb": "ad58e174410e3ff46ff93d4ad1e7b8a0",
  "templates/mod/reqtimeout.conf.erb": "314ef068b786ae5afded290a8b6eab15",
  "templates/mod/rpaf.conf.erb": "5447539c083ae54f3a9e93c1ac8c988b",
  "templates/mod/security.conf.erb": "e309716298ed8709df5496c27d47fe36",
  "templates/mod/security_crs.conf.erb": "5c7bc134c0675d75b66a5c8faaf11eb6",
  "templates/mod/setenvif.conf.erb": "c7ede4173da1915b7ec088201f030c28",
  "templates/mod/ssl.conf.erb": "f88b0d03bbbc9b0773475434a2ef0f93",
  "templates/mod/status.conf.erb": "574ecc6f74e8b75d84710a44c4260210",
  "templates/mod/suphp.conf.erb": "05bb7b3ea23976b032ce405bfd4edd18",
  "templates/mod/userdir.conf.erb": "5d0185dc69bc30849bc1a2f63f652b74",
  "templates/mod/worker.conf.erb": "dc4c7049af7312f5e82b3e72e8fccdfd",
  "templates/mod/wsgi.conf.erb": "ba2ba5a5699889626f4bc7f5604070b0",
  "templates/namevirtualhost.erb": "fbfca19a639e18e6c477e191344ac8ae",
  "templates/ports_header.erb": "afe35cb5747574b700ebaa0f0b3a626e",
  "templates/vhost/_access_log.erb": "522414033856b19a50a7ebb1c729438a",
  "templates/vhost/_action.erb": "a004dfcac2e63cef65cf8aa0e270b636",
  "templates/vhost/_additional_includes.erb": "10e9c0056e962c49459839a1576b082e",
  "templates/vhost/_aliases.erb": "6412f695e911feac18986da38f290dae",
  "templates/vhost/_allow_encoded_slashes.erb": "37dee0b6fe9287342a10b533955dff81",
  "templates/vhost/_auth_cas.erb": "96fb19c558e7e187fe9160f00f39061c",
  "templates/vhost/_auth_kerb.erb": "3d0de0c3066440dffcbc75215174705b",
  "templates/vhost/_block.erb": "8fa2f970222dbc0a38898b5a0ab80411",
  "templates/vhost/_charsets.erb": "d152b6a7815e9edc0fe9bf9acbe2f1ec",
  "templates/vhost/_custom_fragment.erb": "325ff48cefc06db035daa3491c391a88",
  "templates/vhost/_directories.erb": "cb400adc888ef3632e155b700c2117aa",
  "templates/vhost/_docroot.erb": "65d882a3c9d6b6bdd2f9b771f378035a",
  "templates/vhost/_error_document.erb": "81d3007c1301a5c5f244c082cfee9de2",
  "templates/vhost/_fallbackresource.erb": "e6c103bee7f6f76b10f244fc9fd1cd3b",
  "templates/vhost/_fastcgi.erb": "e6d743e11b776e155dc4f80c602fb7e1",
  "templates/vhost/_file_footer.erb": "e27b2525783e590ca1820f1e2118285d",
  "templates/vhost/_file_header.erb": "7c3c04eb4ac67403604113e2628696cf",
  "templates/vhost/_filters.erb": "597b9de5ae210af9182a1c95172115e7",
  "templates/vhost/_header.erb": "9eb9d4075f288183d8224ddec5b2f126",
  "templates/vhost/_http_protocol_options.erb": "9df9dec592fdb8fb4ab4abf7227cef9c",
  "templates/vhost/_itk.erb": "8bf90b9855a9277f7a665b10f6c57fe9",
  "templates/vhost/_jk_mounts.erb": "ce997ee7b5602af04062cd5f785da345",
  "templates/vhost/_keepalive_options.erb": "16876858bac1e55b13545866b0428d90",
  "templates/vhost/_logging.erb": "5bc4cbb1bc8a292acc0ba0420f96ca4e",
  "templates/vhost/_passenger.erb": "2c720e3c849f81898be5f3822a3f67be",
  "templates/vhost/_passenger_base_uris.erb": "c8d7f4da1434078e856c72671942dcd8",
  "templates/vhost/_php.erb": "a16a9f3e146ce463481205e083d4bf79",
  "templates/vhost/_php_admin.erb": "107a57e9e7b3f86d1abcf743f672a292",
  "templates/vhost/_proxy.erb": "18b9bbb791d248179a08eb36ab895e12",
  "templates/vhost/_rack.erb": "ebe187c1bdc81eec9c8e0d9026120b18",
  "templates/vhost/_redirect.erb": "2d40ece74203cc00b861a058db91962c",
  "templates/vhost/_requestheader.erb": "db1b0cdda069ae809b5b83b0871ef991",
  "templates/vhost/_require.erb": "932106f2c9ea604bba4ace78d22bdfee",
  "templates/vhost/_rewrite.erb": "b7858eac95352744196006b57d4091df",
  "templates/vhost/_scriptalias.erb": "98713f33cca15b22c749bd35ea9a7b41",
  "templates/vhost/_security.erb": "0ade536a9d25342e7128996add04be56",
  "templates/vhost/_serveralias.erb": "95fed45853629924467aefc271d5b396",
  "templates/vhost/_serversignature.erb": "9bf5a458783ab459e5043e1cdf671fa7",
  "templates/vhost/_setenv.erb": "6e6a7efb1b168da9673c9e6d00eadec5",
  "templates/vhost/_ssl.erb": "788b293b65736aead0007fe3bc52448b",
  "templates/vhost/_sslproxy.erb": "8ab477ac3aa325e46f07b3fbf188303f",
  "templates/vhost/_suexec.erb": "f2b3f9b9ff8fbac4e468e02cd824675a",
  "templates/vhost/_suphp.erb": "a1c4a5e4461adbfce870df0abd158b59",
  "templates/vhost/_wsgi.erb": "7939532279d7655896ce1a5942116ca7"
}